{
  "categories": {
    "MT_Blowhole": {
      "mae": 0.019982114899903536,
      "precision": 0.24139805716159204,
      "recall": 0.9388088110094407,
      "f1": 0.341383709579355,
      "iou": 0.23109889005036588,
      "dice": 0.3413837122728989
    },
    "MT_Break": {
      "mae": 0.03399115055799484,
      "precision": 0.29200075729029046,
      "recall": 0.2035360179105975,
      "f1": 0.22658885880777957,
      "iou": 0.14036650937724385,
      "dice": 0.22658886326296876
    },
    "MT_Crack": {
      "mae": 0.02711464185267687,
      "precision": 0.2652361577121416,
      "recall": 0.5126783543758193,
      "f1": 0.31255503607364366,
      "iou": 0.194002931472994,
      "dice": 0.31255504008711954
    },
    "MT_Fray": {
      "mae": 0.144195016939193,
      "precision": 0.11594742063366821,
      "recall": 0.047613975426493205,
      "f1": 0.03756496944223192,
      "iou": 0.02008321988674626,
      "dice": 0.03756497069571026
    },
    "MT_Free": {
      "mae": 0.022673725616186857,
      "precision": 0.0,
      "recall": 0.0,
      "f1": 0.0,
      "iou": 0.0,
      "dice": 0.0
    },
    "MT_Uneven": {
      "mae": 0.2974848374724388,
      "precision": 0.47788578311750507,
      "recall": 0.04019767611612357,
      "f1": 0.07233171548058906,
      "iou": 0.03834225189253948,
      "dice": 0.07233171688951079
    }
  },
  "overall": {
    "mae": 0.09090691455639899,
    "precision": 0.23207802931919952,
    "recall": 0.290472472473079,
    "f1": 0.16507071489726652,
    "iou": 0.10398230044664825,
    "dice": 0.16507071720136804
  },
  "samples": 24
}